probe_step,n_halted,n_active,n_expunged,loss,grad_norm_total,grad_norm_muon,grad_norm_adam,mean_age,std_age,min_age,max_age
0,122,176,0,0.722656,0.262498,0.234182,0.118591,0.54,1.49,0,14
1,128,176,0,0.722656,0.382005,0.337629,0.178702,0.52,1.62,0,15
2,115,176,0,0.722656,0.264734,0.233078,0.125535,0.50,1.28,0,11
3,112,176,0,0.722656,0.351934,0.313896,0.159143,0.59,1.44,0,12
4,125,176,0,0.722656,0.283966,0.258306,0.117959,0.51,1.55,0,13
5,128,176,0,0.718750,0.363780,0.332324,0.147974,0.51,1.68,0,14
6,111,176,0,0.722656,0.288861,0.259526,0.126834,0.64,1.81,0,15
7,115,176,0,0.722656,0.315643,0.282350,0.141099,0.57,1.57,0,14
8,129,176,0,0.722656,0.232280,0.206947,0.105485,0.48,1.67,0,15
9,122,176,0,0.722656,0.581200,0.519094,0.261410,0.45,1.35,0,15
10,129,176,0,0.718750,0.415395,0.383319,0.160062,0.35,0.84,0,9
11,123,176,0,0.722656,0.396301,0.355943,0.174237,0.38,0.91,0,10
12,115,176,0,0.722656,0.395447,0.356618,0.170885,0.45,1.01,0,11
13,132,176,0,0.722656,0.221850,0.187528,0.118537,0.38,1.10,0,12
14,128,176,0,0.718750,0.536666,0.469997,0.259063,0.43,1.22,0,13
15,115,176,0,0.722656,0.353454,0.318034,0.154221,0.54,1.35,0,14
16,124,176,0,0.722656,0.303665,0.270555,0.137886,0.51,1.47,0,15
17,127,176,0,0.722656,0.374352,0.340268,0.156067,0.43,1.11,0,9
18,123,176,0,0.722656,0.328060,0.293803,0.145955,0.49,1.26,0,10
19,116,176,0,0.722656,0.463545,0.400059,0.234153,0.56,1.40,0,11
20,132,176,0,0.722656,0.273145,0.246343,0.117996,0.46,1.51,0,12
21,104,176,0,0.722656,0.341667,0.306004,0.151980,0.65,1.65,0,13
22,120,176,0,0.722656,0.361835,0.322825,0.163428,0.61,1.81,0,14
23,118,176,0,0.722656,0.236062,0.211474,0.104900,0.65,1.96,0,15
24,119,176,0,0.722656,0.371690,0.332670,0.165784,0.59,1.75,0,14
25,115,176,0,0.722656,0.294242,0.245790,0.161758,0.65,1.90,0,15
26,127,176,0,0.722656,0.284387,0.251183,0.133353,0.53,1.69,0,15
27,129,176,0,0.722656,0.225436,0.199807,0.104397,0.44,1.38,0,15
28,121,176,0,0.722656,0.652969,0.566422,0.324862,0.43,0.95,0,7
29,120,176,0,0.722656,0.313023,0.282971,0.133832,0.48,1.10,0,8
30,125,176,0,0.722656,0.242901,0.216738,0.109662,0.47,1.20,0,9
31,119,176,0,0.722656,0.363198,0.328413,0.155105,0.48,1.29,0,10
32,122,176,0,0.722656,0.302147,0.269060,0.137475,0.54,1.46,0,11
33,121,176,0,0.722656,0.287872,0.255834,0.131981,0.56,1.60,0,12
34,124,176,0,0.722656,0.379562,0.345734,0.156638,0.57,1.74,0,13
35,126,176,0,0.722656,0.402555,0.356992,0.186030,0.56,1.86,0,14
36,100,176,0,0.722656,0.753526,0.714489,0.239391,0.77,2.01,0,15
37,130,176,0,0.722656,0.395342,0.343393,0.195900,0.44,1.39,0,14
38,117,176,0,0.722656,0.245118,0.215748,0.116343,0.53,1.50,0,15
39,124,176,0,0.722656,0.530608,0.461282,0.262229,0.43,1.12,0,12
40,127,176,0,0.722656,0.296556,0.267340,0.128356,0.45,1.24,0,13
41,126,176,0,0.722656,0.404021,0.356080,0.190893,0.46,1.34,0,14
42,126,176,0,0.722656,0.571570,0.511125,0.255820,0.47,1.45,0,15
43,120,176,0,0.722656,0.266044,0.238532,0.117821,0.44,1.05,0,9
44,142,176,0,0.718750,0.357667,0.324788,0.149796,0.32,1.13,0,10
45,112,176,0,0.722656,0.429840,0.372469,0.214544,0.53,1.27,0,11
46,134,176,0,0.722656,0.294762,0.269862,0.118571,0.44,1.40,0,12
47,119,176,0,0.722656,0.420475,0.366036,0.206923,0.53,1.53,0,13
48,116,176,0,0.722656,0.240463,0.214451,0.108782,0.60,1.67,0,14
49,123,176,0,0.722656,0.577977,0.502428,0.285700,0.58,1.81,0,15
50,124,176,0,0.722656,0.217151,0.190422,0.104375,0.52,1.56,0,15
51,119,176,0,0.722656,0.358131,0.314582,0.171160,0.47,1.19,0,12
52,121,176,0,0.722656,0.399267,0.345975,0.199286,0.45,1.27,0,13
53,121,176,0,0.722656,0.313558,0.285554,0.129528,0.47,1.37,0,14
54,115,176,0,0.722656,0.400545,0.342353,0.207920,0.53,1.47,0,15
55,127,176,0,0.718750,0.357080,0.319874,0.158703,0.40,1.08,0,12
56,123,176,0,0.722656,0.290589,0.258997,0.131769,0.42,1.14,0,13
57,118,176,0,0.722656,0.244674,0.217890,0.111307,0.48,1.26,0,14
58,118,176,0,0.722656,0.270247,0.242310,0.119664,0.50,1.37,0,15
59,118,176,0,0.722656,0.481497,0.435995,0.204324,0.41,0.86,0,7
60,114,176,0,0.722656,0.550008,0.498402,0.232605,0.48,1.00,0,8
61,129,176,0,0.722656,0.355666,0.319907,0.155428,0.39,1.07,0,9
62,118,176,0,0.722656,0.286577,0.254576,0.131596,0.50,1.21,0,10
63,135,176,0,0.722656,0.310517,0.280677,0.132819,0.41,1.31,0,11
64,106,176,0,0.722656,0.264952,0.238916,0.114537,0.61,1.45,0,12
65,123,176,0,0.722656,0.560431,0.490914,0.270344,0.54,1.59,0,13
66,110,176,0,0.722656,0.252397,0.223321,0.117608,0.64,1.72,0,14
67,114,176,0,0.722656,0.586413,0.509964,0.289512,0.65,1.86,0,15
68,121,176,0,0.722656,0.246534,0.222358,0.106471,0.46,1.14,0,10
69,133,176,0,0.722656,0.764677,0.723008,0.248978,0.37,1.19,0,11
70,112,176,0,0.722656,0.381760,0.339751,0.174098,0.52,1.32,0,12
71,141,176,0,0.722656,0.365376,0.325661,0.165663,0.38,1.43,0,13
72,119,176,0,0.722656,0.345774,0.316823,0.138503,0.51,1.54,0,14
73,124,176,0,0.722656,0.335526,0.303826,0.142362,0.53,1.68,0,15
74,118,176,0,0.722656,0.359255,0.318822,0.165579,0.49,1.36,0,15
75,123,176,0,0.722656,0.913038,0.844800,0.346341,0.40,0.89,0,9
76,127,176,0,0.722656,0.240137,0.206104,0.123235,0.39,0.96,0,10
77,119,176,0,0.722656,0.361064,0.326445,0.154275,0.43,1.02,0,11
78,123,176,0,0.722656,0.608143,0.541848,0.276114,0.43,1.12,0,12
79,115,176,0,0.722656,0.286138,0.250052,0.139101,0.49,1.23,0,13
80,132,176,0,0.722656,0.342641,0.305695,0.154770,0.39,1.29,0,14
81,115,176,0,0.722656,0.356619,0.315502,0.166239,0.50,1.39,0,15
82,127,176,0,0.722656,0.354934,0.319285,0.155033,0.39,0.96,0,10
83,119,176,0,0.722656,0.267545,0.239198,0.119853,0.44,1.04,0,11
84,122,176,0,0.722656,0.288093,0.259684,0.124746,0.44,1.14,0,12
85,135,176,0,0.722656,0.314537,0.281334,0.140659,0.39,1.24,0,13
86,120,176,0,0.722656,0.638308,0.559763,0.306763,0.49,1.36,0,14
87,118,176,0,0.722656,0.261066,0.233035,0.117685,0.52,1.48,0,15
88,126,176,0,0.722656,0.355894,0.325814,0.143198,0.42,1.11,0,10
89,121,176,0,0.722656,0.290195,0.261310,0.126213,0.48,1.24,0,11
90,124,176,0,0.722656,0.255848,0.222238,0.126763,0.45,1.33,0,12
91,107,176,0,0.722656,0.358392,0.326614,0.147541,0.62,1.49,0,13
92,126,176,0,0.722656,0.716513,0.676637,0.235698,0.52,1.61,0,14
93,133,176,0,0.722656,0.629509,0.549717,0.306745,0.48,1.73,0,15
94,103,176,0,0.722656,0.390526,0.350912,0.171381,0.62,1.48,0,14
95,128,176,0,0.722656,0.306513,0.280026,0.124642,0.51,1.61,0,15
96,119,176,0,0.722656,0.333877,0.296355,0.153777,0.48,1.28,0,13
97,115,176,0,0.722656,0.384079,0.347675,0.163215,0.54,1.41,0,14
98,125,176,0,0.722656,0.325930,0.288432,0.151779,0.51,1.53,0,15
99,120,176,0,0.722656,0.301786,0.273953,0.126588,0.47,1.18,0,11
100,119,176,0,0.722656,0.249460,0.220175,0.117273,0.49,1.30,0,12
101,124,176,0,0.722656,0.327411,0.303175,0.123624,0.50,1.43,0,13
102,115,176,0,0.722656,0.239469,0.216115,0.103149,0.60,1.59,0,14
103,115,176,0,0.722656,0.259427,0.230200,0.119625,0.63,1.73,0,15
104,122,176,0,0.722656,0.287879,0.253021,0.137312,0.49,1.42,0,13
105,122,176,0,0.722656,0.636878,0.545419,0.328834,0.54,1.57,0,14
106,109,176,0,0.722656,0.355890,0.325643,0.143577,0.64,1.68,0,15
107,125,176,0,0.722656,0.344651,0.310454,0.149675,0.48,1.39,0,12
108,113,176,0,0.722656,0.401233,0.360116,0.176929,0.55,1.49,0,13
109,116,176,0,0.722656,0.374764,0.339172,0.159407,0.58,1.63,0,14
110,122,176,0,0.722656,0.305274,0.272059,0.138478,0.60,1.79,0,15
111,114,176,0,0.722656,0.332587,0.303668,0.135647,0.48,0.97,0,8
112,119,176,0,0.722656,0.329196,0.296219,0.143612,0.49,1.11,0,9
113,128,176,0,0.722656,0.261665,0.236308,0.112370,0.44,1.19,0,10
114,125,176,0,0.722656,0.388863,0.346707,0.176092,0.48,1.31,0,11
115,122,176,0,0.722656,0.373010,0.330457,0.173017,0.55,1.47,0,12
116,118,176,0,0.722656,0.591805,0.521114,0.280488,0.61,1.62,0,13
117,123,176,0,0.722656,0.339224,0.303391,0.151747,0.59,1.75,0,14
118,120,176,0,0.722656,0.293739,0.262712,0.131398,0.62,1.88,0,15
119,113,176,0,0.722656,0.236108,0.211011,0.105931,0.59,1.66,0,14
120,121,176,0,0.722656,0.338469,0.295487,0.165072,0.61,1.83,0,15
121,122,176,0,0.722656,0.314902,0.286437,0.130832,0.56,1.61,0,15
122,117,176,0,0.722656,0.329240,0.299415,0.136928,0.51,1.26,0,11
123,120,176,0,0.722656,0.588102,0.536694,0.240465,0.49,1.37,0,12
124,129,176,0,0.722656,0.243123,0.211630,0.119673,0.48,1.52,0,13
125,126,176,0,0.722656,0.308980,0.278265,0.134301,0.53,1.66,0,14
126,114,176,0,0.722656,0.557355,0.503766,0.238462,0.62,1.79,0,15
127,124,176,0,0.722656,0.268741,0.234778,0.130770,0.49,1.53,0,15
128,116,176,0,0.722656,0.260829,0.234463,0.114274,0.50,1.20,0,10
129,123,176,0,0.722656,0.549133,0.483133,0.261017,0.49,1.32,0,11
130,120,176,0,0.722656,0.308559,0.279205,0.131352,0.50,1.41,0,12
131,127,176,0,0.722656,0.317881,0.284273,0.142257,0.50,1.55,0,13
132,117,176,0,0.722656,0.510529,0.464084,0.212759,0.60,1.68,0,14
133,126,176,0,0.722656,0.322856,0.292658,0.136336,0.55,1.81,0,15
134,121,176,0,0.722656,0.203450,0.176785,0.100692,0.41,0.98,0,10
135,115,176,0,0.722656,0.451393,0.395893,0.216853,0.49,1.11,0,11
136,126,176,0,0.722656,0.273154,0.247513,0.115545,0.41,1.18,0,12
137,125,176,0,0.718750,0.569691,0.509323,0.255223,0.43,1.27,0,13
138,115,176,0,0.722656,0.352098,0.309278,0.168285,0.51,1.38,0,14
139,123,176,0,0.722656,0.520872,0.467672,0.229327,0.49,1.48,0,15
140,121,176,0,0.722656,0.316978,0.284650,0.139460,0.41,1.03,0,12
141,116,176,0,0.722656,0.362644,0.325152,0.160583,0.48,1.14,0,13
142,127,176,0,0.722656,0.331479,0.293646,0.153787,0.42,1.21,0,14
143,118,176,0,0.722656,0.309730,0.280007,0.132396,0.47,1.28,0,15
144,118,176,0,0.722656,0.303463,0.274918,0.128492,0.41,0.74,0,5
145,128,176,0,0.722656,0.293894,0.268213,0.120148,0.38,0.83,0,6
146,129,176,0,0.722656,0.364414,0.326995,0.160846,0.38,0.90,0,7
147,119,176,0,0.722656,0.594695,0.518951,0.290434,0.44,1.00,0,8
148,115,176,0,0.722656,0.345057,0.309149,0.153269,0.49,1.12,0,9
149,131,176,0,0.722656,0.325619,0.283149,0.160794,0.43,1.25,0,10
150,127,176,0,0.722656,0.305122,0.270710,0.140769,0.48,1.39,0,11
151,120,176,0,0.722656,0.467548,0.420205,0.205008,0.52,1.49,0,12
152,124,176,0,0.722656,0.227416,0.202639,0.103224,0.53,1.63,0,13
153,127,176,0,0.722656,0.336378,0.303047,0.145989,0.55,1.78,0,14
154,116,176,0,0.722656,0.413598,0.366546,0.191594,0.64,1.92,0,15
155,124,176,0,0.722656,0.600982,0.522519,0.296905,0.44,1.25,0,12
156,122,176,0,0.722656,0.246278,0.215383,0.119427,0.49,1.38,0,13
157,124,176,0,0.722656,0.285667,0.257895,0.122866,0.49,1.49,0,14
158,118,176,0,0.722656,0.409889,0.370565,0.175187,0.55,1.61,0,15
159,116,176,0,0.722656,0.366745,0.332922,0.153835,0.52,1.31,0,13
160,121,176,0,0.722656,0.378827,0.336689,0.173639,0.52,1.41,0,14
161,127,176,0,0.722656,0.536881,0.468770,0.261718,0.48,1.51,0,15
162,121,176,0,0.722656,0.540537,0.459984,0.283893,0.45,1.14,0,12
163,119,176,0,0.722656,0.367681,0.328631,0.164897,0.48,1.25,0,13
164,113,176,0,0.722656,0.345432,0.308777,0.154856,0.53,1.36,0,14
165,134,176,0,0.722656,0.298253,0.268067,0.130749,0.42,1.46,0,15
166,109,176,0,0.722656,0.318960,0.290609,0.131462,0.51,1.08,0,10
167,120,176,0,0.722656,0.273033,0.245241,0.120016,0.49,1.21,0,11
168,117,176,0,0.722656,0.331690,0.300506,0.140407,0.49,1.28,0,12
169,118,176,0,0.722656,0.541626,0.469936,0.269293,0.49,1.38,0,13
170,121,176,0,0.722656,0.347177,0.300894,0.173191,0.49,1.50,0,14
171,118,176,0,0.722656,0.263020,0.237049,0.113962,0.55,1.63,0,15
172,123,176,0,0.722656,0.266562,0.236158,0.123630,0.48,1.33,0,14
173,124,176,0,0.722656,0.488640,0.437079,0.218474,0.50,1.45,0,15
174,127,176,0,0.722656,0.323201,0.283070,0.155981,0.39,0.97,0,10
175,116,176,0,0.722656,0.323567,0.293544,0.136117,0.48,1.08,0,11
176,119,176,0,0.722656,0.333636,0.296164,0.153622,0.48,1.18,0,12
177,120,176,0,0.722656,0.334933,0.297249,0.154347,0.51,1.31,0,13
178,130,176,0,0.722656,0.347409,0.301615,0.172398,0.47,1.42,0,14
179,110,176,0,0.722656,0.584745,0.502024,0.299831,0.57,1.52,0,15
180,117,176,0,0.722656,0.413434,0.369409,0.185647,0.49,1.18,0,11
181,126,176,0,0.722656,0.272718,0.243109,0.123585,0.45,1.29,0,12
182,126,176,0,0.722656,0.251951,0.217327,0.127469,0.47,1.41,0,13
183,134,176,0,0.722656,0.287457,0.255381,0.131955,0.45,1.55,0,14
184,115,176,0,0.722656,0.279267,0.246918,0.130466,0.59,1.68,0,15
185,130,176,0,0.718750,0.539707,0.475349,0.255591,0.46,1.41,0,13
186,118,176,0,0.722656,0.570500,0.504798,0.265800,0.57,1.55,0,14
187,120,176,0,0.722656,0.250267,0.224282,0.111046,0.56,1.67,0,15
188,136,176,0,0.722656,0.329867,0.296648,0.144265,0.40,1.36,0,13
189,118,176,0,0.722656,0.542772,0.474128,0.264204,0.53,1.48,0,14
190,116,176,0,0.722656,0.277213,0.251783,0.115985,0.60,1.64,0,15
191,122,176,0,0.722656,0.224165,0.197859,0.105364,0.48,1.31,0,13
192,122,176,0,0.722656,0.354775,0.309902,0.172703,0.48,1.41,0,14
193,119,176,0,0.722656,0.398565,0.365316,0.159368,0.52,1.53,0,15
194,122,176,0,0.722656,0.352163,0.311183,0.164875,0.45,1.17,0,11
195,123,176,0,0.722656,0.316117,0.289543,0.126864,0.45,1.28,0,12
196,122,176,0,0.722656,0.320738,0.287323,0.142541,0.48,1.39,0,13
197,119,176,0,0.722656,0.510065,0.455814,0.228909,0.53,1.52,0,14
198,122,176,0,0.722656,0.371377,0.327368,0.175359,0.52,1.63,0,15
199,128,176,0,0.722656,0.339160,0.307059,0.144030,0.43,1.30,0,14
200,110,176,0,0.722656,0.247697,0.216190,0.120895,0.55,1.40,0,15
201,122,176,0,0.722656,0.301029,0.272262,0.128420,0.41,0.95,0,10
202,123,176,0,0.722656,0.598832,0.525162,0.287757,0.41,1.03,0,11
203,126,176,0,0.722656,0.287849,0.258009,0.127626,0.39,1.10,0,12
204,121,176,0,0.722656,0.362942,0.311679,0.185965,0.47,1.23,0,13
205,129,176,0,0.722656,0.291768,0.256341,0.139347,0.41,1.31,0,14
206,121,176,0,0.722656,0.606123,0.531945,0.290549,0.51,1.45,0,15
207,110,176,0,0.722656,0.292729,0.257716,0.138826,0.52,1.04,0,10
208,124,176,0,0.722656,0.389173,0.352323,0.165301,0.48,1.18,0,11
209,113,176,0,0.722656,0.329855,0.291528,0.154323,0.52,1.25,0,12
210,124,176,0,0.722656,0.329780,0.298007,0.141233,0.48,1.37,0,13
211,134,176,0,0.722656,0.259561,0.233590,0.113171,0.45,1.50,0,14
212,106,176,0,0.722656,0.484937,0.424158,0.235061,0.62,1.63,0,15
213,135,176,0,0.722656,0.528751,0.468182,0.245730,0.40,1.33,0,12
214,116,176,0,0.722656,0.365050,0.328274,0.159680,0.53,1.46,0,13
215,132,176,0,0.722656,0.234243,0.212642,0.098250,0.46,1.58,0,14
216,113,176,0,0.722656,0.317843,0.286557,0.137512,0.60,1.71,0,15
217,132,176,0,0.722656,0.370421,0.322415,0.182374,0.42,1.41,0,13
218,110,176,0,0.722656,0.563806,0.495318,0.269327,0.58,1.54,0,14
219,122,176,0,0.722656,0.508219,0.462771,0.210070,0.53,1.65,0,15
220,124,176,0,0.722656,0.741962,0.693910,0.262674,0.47,1.33,0,15
221,130,176,0,0.722656,0.305648,0.275043,0.133312,0.34,0.76,0,7
222,118,176,0,0.722656,0.311599,0.286784,0.121855,0.42,0.87,0,8
223,119,176,0,0.722656,0.414682,0.373824,0.179490,0.49,1.05,0,9
224,116,176,0,0.722656,0.279817,0.244130,0.136743,0.51,1.13,0,10
225,119,176,0,0.722656,0.417949,0.373058,0.188440,0.50,1.22,0,11
226,134,176,0,0.718750,0.325006,0.288681,0.149306,0.41,1.32,0,12
227,126,176,0,0.722656,0.254317,0.227423,0.113824,0.47,1.43,0,13
228,125,176,0,0.722656,0.332113,0.298381,0.145836,0.51,1.57,0,14
229,122,176,0,0.722656,0.344175,0.306079,0.157391,0.56,1.71,0,15
230,123,176,0,0.722656,0.231936,0.207457,0.103711,0.48,1.43,0,13
231,120,176,0,0.722656,0.379910,0.332116,0.184473,0.52,1.53,0,14
232,128,176,0,0.722656,0.353013,0.322339,0.143931,0.49,1.66,0,15
233,118,176,0,0.722656,0.628288,0.545083,0.312458,0.49,1.34,0,14
234,125,176,0,0.722656,0.296420,0.259641,0.143008,0.48,1.46,0,15
235,119,176,0,0.722656,0.293416,0.251341,0.151395,0.45,1.06,0,11
236,124,176,0,0.722656,0.430408,0.381801,0.198694,0.45,1.16,0,12
237,125,176,0,0.722656,0.329974,0.292169,0.153363,0.47,1.27,0,13
238,116,176,0,0.722656,0.278553,0.248109,0.126624,0.53,1.38,0,14
239,122,176,0,0.722656,0.348151,0.315748,0.146671,0.54,1.52,0,15
240,114,176,0,0.722656,0.536315,0.485126,0.228662,0.49,1.13,0,10
241,134,176,0,0.722656,0.323258,0.284870,0.152789,0.41,1.25,0,11
242,115,176,0,0.722656,0.220444,0.194846,0.103105,0.54,1.38,0,12
243,123,176,0,0.722656,0.341317,0.315211,0.130917,0.52,1.52,0,13
244,124,176,0,0.722656,0.267793,0.238583,0.121620,0.54,1.66,0,14
245,117,176,0,0.722656,0.623673,0.542148,0.308291,0.60,1.79,0,15
246,128,176,0,0.722656,0.301172,0.268674,0.136084,0.48,1.55,0,14
247,128,176,0,0.722656,0.333839,0.299543,0.147386,0.51,1.68,0,15
248,118,176,0,0.722656,0.348895,0.311709,0.156734,0.51,1.39,0,12
249,118,176,0,0.722656,0.313495,0.283034,0.134800,0.52,1.49,0,13
250,116,176,0,0.722656,0.373004,0.330249,0.173399,0.54,1.60,0,14
251,121,176,0,0.722656,0.390727,0.342464,0.188113,0.56,1.73,0,15
252,125,176,0,0.722656,0.465790,0.429446,0.180379,0.39,0.84,0,8
253,119,176,0,0.722656,0.346056,0.317246,0.138237,0.41,0.90,0,9
254,120,176,0,0.722656,0.536015,0.464854,0.266877,0.47,1.05,0,10
255,126,176,0,0.718750,0.300229,0.271437,0.128293,0.45,1.16,0,11
256,128,176,0,0.722656,0.270631,0.240040,0.124986,0.41,1.23,0,12
257,118,176,0,0.722656,0.422920,0.382715,0.179975,0.52,1.37,0,13
258,123,176,0,0.722656,0.342663,0.306207,0.153801,0.49,1.48,0,14
259,120,176,0,0.722656,0.358061,0.319194,0.162242,0.55,1.63,0,15
260,127,176,0,0.722656,0.347552,0.307512,0.161952,0.44,1.31,0,11
261,126,176,0,0.722656,0.641690,0.552860,0.325749,0.47,1.43,0,12
262,108,176,0,0.722656,0.262449,0.237098,0.112533,0.61,1.56,0,13
263,120,176,0,0.722656,0.295377,0.263331,0.133808,0.57,1.69,0,14
264,123,176,0,0.722656,0.323233,0.289994,0.142771,0.56,1.82,0,15
265,130,176,0,0.722656,0.538138,0.487675,0.227521,0.39,1.05,0,11
266,120,176,0,0.722656,0.407725,0.368422,0.174655,0.47,1.17,0,12
267,125,176,0,0.722656,0.249988,0.225985,0.106886,0.44,1.27,0,13
268,120,176,0,0.722656,0.337462,0.299096,0.156276,0.51,1.41,0,14
269,125,176,0,0.722656,0.405240,0.360235,0.185606,0.51,1.53,0,15
270,123,176,0,0.722656,0.349170,0.312295,0.156179,0.47,1.21,0,10
271,118,176,0,0.722656,0.279207,0.248656,0.126992,0.52,1.33,0,11
272,117,176,0,0.722656,0.365622,0.329674,0.158096,0.56,1.47,0,12
273,126,176,0,0.722656,0.314003,0.278743,0.144569,0.55,1.62,0,13
274,121,176,0,0.722656,0.375306,0.332513,0.174039,0.59,1.75,0,14
275,115,176,0,0.722656,0.336218,0.299123,0.153518,0.68,1.91,0,15
276,111,176,0,0.722656,0.231227,0.205296,0.106393,0.66,1.71,0,15
277,131,176,0,0.722656,0.294404,0.262372,0.133547,0.44,1.41,0,13
278,123,176,0,0.722656,0.303220,0.263332,0.150328,0.54,1.56,0,14
279,124,176,0,0.722656,0.378716,0.338389,0.170054,0.54,1.69,0,15
280,123,176,0,0.722656,0.428515,0.386201,0.185671,0.48,1.40,0,13
281,117,176,0,0.722656,0.313564,0.282359,0.136367,0.56,1.53,0,14
282,124,176,0,0.722656,0.382001,0.336409,0.180980,0.53,1.65,0,15
283,121,176,0,0.722656,0.314040,0.270600,0.159364,0.49,1.35,0,13
284,114,176,0,0.722656,0.297477,0.269128,0.126739,0.58,1.50,0,14
285,117,176,0,0.722656,0.348406,0.319527,0.138884,0.59,1.63,0,15
286,126,176,0,0.722656,0.343281,0.310430,0.146544,0.45,1.28,0,13
287,130,176,0,0.722656,0.240853,0.215607,0.107350,0.45,1.41,0,14
288,114,176,0,0.722656,0.567454,0.509793,0.249229,0.60,1.56,0,15
289,120,176,0,0.722656,0.289822,0.253386,0.140685,0.51,1.25,0,10
290,124,176,0,0.722656,0.362847,0.329020,0.152985,0.51,1.38,0,11
291,119,176,0,0.722656,0.237673,0.214379,0.102616,0.56,1.51,0,12
292,122,176,0,0.722656,0.441349,0.401150,0.184033,0.56,1.64,0,13
293,123,176,0,0.722656,0.283628,0.254072,0.126064,0.60,1.80,0,14
294,118,176,0,0.722656,0.265648,0.235779,0.122381,0.65,1.95,0,15
295,124,176,0,0.722656,0.341182,0.305724,0.151453,0.57,1.76,0,15
296,122,176,0,0.718750,0.339511,0.313598,0.130091,0.53,1.51,0,13
297,113,176,0,0.722656,0.544864,0.492232,0.233634,0.58,1.62,0,14
298,122,176,0,0.722656,0.326067,0.295619,0.137583,0.58,1.77,0,15
299,110,176,0,0.722656,0.285465,0.261004,0.115619,0.61,1.53,0,15
300,130,176,0,0.722656,0.343870,0.306512,0.155876,0.41,1.17,0,10
301,112,176,0,0.722656,0.565075,0.493190,0.275813,0.53,1.29,0,11
302,127,176,0,0.722656,0.346623,0.313727,0.147387,0.49,1.44,0,12
303,114,176,0,0.722656,0.305632,0.279704,0.123193,0.59,1.57,0,13
304,116,176,0,0.722656,0.297795,0.265485,0.134905,0.62,1.73,0,14
305,128,176,0,0.722656,0.327219,0.290611,0.150392,0.54,1.84,0,15
306,125,176,0,0.722656,0.283716,0.255698,0.122936,0.48,1.59,0,15
307,115,176,0,0.722656,0.438202,0.391955,0.195941,0.53,1.30,0,12
308,109,176,0,0.722656,0.321304,0.275583,0.165197,0.60,1.43,0,13
309,126,176,0,0.722656,0.279268,0.245408,0.133287,0.48,1.50,0,14
310,115,176,0,0.722656,0.331753,0.298028,0.145738,0.57,1.63,0,15
311,130,176,0,0.722656,0.357555,0.316058,0.167191,0.43,1.30,0,14
312,125,176,0,0.722656,0.408035,0.365005,0.182385,0.48,1.42,0,15
313,120,176,0,0.722656,0.295957,0.267743,0.126113,0.44,0.98,0,8
314,119,176,0,0.722656,0.333884,0.294528,0.157262,0.47,1.10,0,9
315,117,176,0,0.722656,0.302008,0.273762,0.127527,0.50,1.20,0,10
316,116,176,0,0.722656,0.545418,0.475410,0.267330,0.55,1.34,0,11
317,125,176,0,0.722656,0.275148,0.251235,0.112194,0.50,1.45,0,12
318,125,176,0,0.722656,0.286394,0.250030,0.139667,0.53,1.60,0,13
319,129,176,0,0.722656,0.258322,0.223620,0.129323,0.49,1.70,0,14
320,122,176,0,0.722656,0.500757,0.455557,0.207909,0.57,1.85,0,15
321,122,176,0,0.722656,0.283192,0.257659,0.117514,0.44,1.11,0,10
322,128,176,0,0.722656,0.266591,0.240739,0.114522,0.39,1.19,0,11
323,108,176,0,0.722656,0.502429,0.448347,0.226760,0.55,1.32,0,12
324,126,176,0,0.722656,0.286997,0.263804,0.113025,0.45,1.41,0,13
325,114,176,0,0.722656,0.334799,0.302671,0.143111,0.55,1.53,0,14
326,119,176,0,0.722656,0.388083,0.349721,0.168238,0.59,1.68,0,15
327,128,176,0,0.722656,0.278457,0.250744,0.121101,0.45,1.35,0,15
328,124,176,0,0.722656,0.379513,0.341844,0.164843,0.41,0.87,0,7
329,130,176,0,0.722656,0.274354,0.248169,0.116972,0.39,0.96,0,8
330,119,176,0,0.722656,0.383459,0.332368,0.191239,0.45,1.06,0,9
331,126,176,0,0.722656,0.349136,0.314757,0.151076,0.45,1.20,0,10
332,119,176,0,0.722656,0.664191,0.587102,0.310581,0.52,1.34,0,11
333,127,176,0,0.722656,0.322036,0.287980,0.144135,0.49,1.47,0,12
334,135,176,0,0.722656,0.218023,0.190684,0.105704,0.47,1.60,0,13
335,117,176,0,0.722656,0.311814,0.279880,0.137461,0.59,1.74,0,14
336,114,176,0,0.722656,0.350591,0.321103,0.140735,0.66,1.90,0,15
337,130,176,0,0.722656,0.336101,0.304766,0.141709,0.47,1.65,0,14
338,121,176,0,0.722656,0.360430,0.319125,0.167537,0.56,1.79,0,15
339,112,176,0,0.722656,0.296940,0.249794,0.160550,0.53,1.50,0,15
340,126,176,0,0.722656,0.593676,0.515938,0.293700,0.40,1.11,0,13
341,129,176,0,0.722656,0.302408,0.270695,0.134813,0.38,1.16,0,14
342,125,176,0,0.722656,0.245389,0.220200,0.108293,0.40,1.23,0,15
343,122,176,0,0.722656,0.290184,0.264183,0.120059,0.38,0.65,0,4
344,124,176,0,0.722656,0.256870,0.230029,0.114319,0.36,0.70,0,5
345,131,176,0,0.722656,0.373184,0.340718,0.152240,0.32,0.73,0,6
346,119,176,0,0.722656,0.542129,0.476764,0.258069,0.43,0.87,0,7
347,128,176,0,0.722656,0.376228,0.342378,0.155965,0.39,0.96,0,8
348,122,176,0,0.722656,0.395816,0.347932,0.188715,0.44,1.07,0,9
349,130,176,0,0.722656,0.376195,0.337226,0.166737,0.44,1.21,0,10
350,119,176,0,0.722656,0.283138,0.253030,0.127054,0.53,1.35,0,11
351,104,176,0,0.722656,0.569475,0.510825,0.251714,0.65,1.50,0,12
352,120,176,0,0.722656,0.236086,0.205378,0.116432,0.59,1.66,0,13
353,132,176,0,0.722656,0.321058,0.288543,0.140786,0.57,1.83,0,14
354,104,176,0,0.722656,0.370793,0.332515,0.164077,0.76,1.98,0,15
355,127,176,0,0.722656,0.208475,0.179986,0.105199,0.59,1.83,0,15
356,120,176,0,0.722656,0.347819,0.309364,0.158973,0.55,1.59,0,13
357,122,176,0,0.722656,0.326347,0.293864,0.141938,0.58,1.74,0,14
358,125,176,0,0.722656,0.621217,0.542996,0.301771,0.57,1.88,0,15
359,118,176,0,0.722656,0.427345,0.371740,0.210792,0.56,1.65,0,13
360,119,176,0,0.722656,0.563069,0.496443,0.265690,0.62,1.81,0,14
361,117,176,0,0.722656,0.336251,0.299936,0.151998,0.65,1.95,0,15
362,113,176,0,0.722656,0.265202,0.238170,0.116649,0.61,1.74,0,15
363,127,176,0,0.722656,0.319994,0.284439,0.146597,0.39,0.86,0,7
364,109,176,0,0.722656,0.392580,0.344890,0.187537,0.52,0.97,0,8
365,127,176,0,0.722656,0.268655,0.241566,0.117566,0.39,1.01,0,9
366,116,176,0,0.722656,0.340940,0.312727,0.135801,0.49,1.14,0,10
367,120,176,0,0.722656,0.241031,0.209758,0.118733,0.48,1.23,0,11
368,126,176,0,0.722656,0.338367,0.297782,0.160680,0.46,1.35,0,12
369,113,176,0,0.722656,0.520087,0.455820,0.250438,0.57,1.48,0,13
370,119,176,0,0.722656,0.491982,0.429513,0.239928,0.58,1.64,0,14
371,118,176,0,0.722656,0.344356,0.308668,0.152659,0.60,1.76,0,15
372,133,176,0,0.722656,0.347470,0.306791,0.163140,0.47,1.52,0,15
373,117,176,0,0.722656,0.331080,0.299575,0.140957,0.49,1.15,0,9
374,121,176,0,0.722656,0.327991,0.286430,0.159799,0.50,1.28,0,10
375,136,176,0,0.722656,0.208123,0.182626,0.099813,0.42,1.40,0,11
376,118,176,0,0.722656,0.415111,0.373621,0.180899,0.54,1.52,0,12
377,125,176,0,0.722656,0.324553,0.284901,0.155455,0.53,1.66,0,13
378,119,176,0,0.722656,0.391922,0.353333,0.169584,0.59,1.80,0,14
379,120,176,0,0.722656,0.263482,0.234225,0.120670,0.62,1.96,0,15
380,124,176,0,0.722656,0.754208,0.707813,0.260443,0.43,1.26,0,13
381,120,176,0,0.722656,0.406823,0.371452,0.165918,0.46,1.36,0,14
382,124,176,0,0.722656,0.321266,0.287699,0.142972,0.48,1.47,0,15
383,130,176,0,0.722656,0.560840,0.498709,0.256575,0.36,1.03,0,12
384,121,176,0,0.722656,0.239657,0.213512,0.108849,0.40,1.09,0,13
385,121,176,0,0.722656,0.305864,0.275656,0.132538,0.44,1.19,0,14
386,125,176,0,0.722656,0.277283,0.247532,0.124956,0.44,1.28,0,15
387,123,176,0,0.722656,0.262155,0.235048,0.116093,0.36,0.66,0,5
388,125,176,0,0.722656,0.593543,0.520023,0.286129,0.36,0.70,0,6
389,128,176,0,0.722656,0.439434,0.399871,0.182222,0.36,0.78,0,7
390,118,176,0,0.722656,0.524239,0.470988,0.230210,0.41,0.82,0,8
391,125,176,0,0.722656,0.326012,0.292868,0.143220,0.39,0.91,0,9
392,115,176,0,0.722656,0.330260,0.288440,0.160855,0.45,0.97,0,10
393,126,176,0,0.722656,0.374021,0.333172,0.169964,0.41,1.08,0,11
394,135,176,0,0.722656,0.237047,0.214642,0.100597,0.36,1.15,0,12
395,123,176,0,0.722656,0.357823,0.320767,0.158573,0.45,1.28,0,13
396,135,176,0,0.722656,0.353391,0.316136,0.157935,0.41,1.40,0,14
397,127,176,0,0.722656,0.350309,0.312745,0.157819,0.47,1.53,0,15
398,109,176,0,0.722656,0.313041,0.286706,0.125675,0.53,1.19,0,11
399,117,176,0,0.722656,0.730412,0.692987,0.230805,0.52,1.33,0,12
400,121,176,0,0.722656,0.232758,0.200495,0.118230,0.52,1.45,0,13
401,126,176,0,0.718750,0.228694,0.203080,0.105165,0.53,1.59,0,14
402,110,176,0,0.722656,0.379020,0.341884,0.163619,0.63,1.71,0,15
403,125,176,0,0.722656,0.571510,0.494462,0.286584,0.52,1.48,0,13
404,114,176,0,0.722656,0.328145,0.285229,0.162244,0.62,1.63,0,14
405,121,176,0,0.722656,0.298530,0.268335,0.130830,0.62,1.78,0,15
406,118,176,0,0.722656,0.323485,0.286711,0.149799,0.55,1.52,0,14
407,115,176,0,0.722656,0.277678,0.250881,0.119013,0.65,1.70,0,15
408,125,176,0,0.722656,0.345671,0.316529,0.138917,0.54,1.45,0,11
409,118,176,0,0.722656,0.347374,0.317874,0.140089,0.60,1.59,0,12
410,125,176,0,0.722656,0.351532,0.306884,0.171455,0.56,1.71,0,13
411,107,176,0,0.722656,0.316216,0.273779,0.158234,0.70,1.86,0,14
412,123,176,0,0.722656,0.325442,0.288825,0.149977,0.62,2.02,0,15
413,124,176,0,0.722656,0.239864,0.216279,0.103723,0.59,1.85,0,14
414,133,176,0,0.718750,0.327867,0.292092,0.148926,0.55,1.99,0,15
415,116,176,0,0.722656,0.247300,0.223934,0.104933,0.51,1.36,0,14
416,123,176,0,0.722656,0.428328,0.378894,0.199760,0.54,1.52,0,15
417,125,176,0,0.722656,0.350857,0.312861,0.158803,0.45,1.15,0,11
418,113,176,0,0.722656,0.539698,0.483289,0.240220,0.55,1.28,0,12
419,128,176,0,0.722656,0.339685,0.308035,0.143180,0.49,1.41,0,13
420,126,176,0,0.722656,0.339784,0.304605,0.150561,0.49,1.51,0,14
421,120,176,0,0.722656,0.271629,0.238058,0.130809,0.56,1.66,0,15
422,112,176,0,0.722656,0.294936,0.261581,0.136244,0.57,1.39,0,11
423,115,176,0,0.722656,0.576464,0.521824,0.244970,0.61,1.55,0,12
424,125,176,0,0.722656,0.274318,0.246088,0.121207,0.57,1.70,0,13
425,125,176,0,0.722656,0.222387,0.197770,0.101699,0.59,1.84,0,14
426,120,176,0,0.722656,0.378896,0.320674,0.201818,0.65,2.00,0,15
427,126,176,0,0.722656,0.235980,0.211492,0.104679,0.56,1.83,0,15
428,119,176,0,0.722656,0.576432,0.509303,0.269970,0.56,1.61,0,15
429,117,176,0,0.722656,0.346458,0.310180,0.154343,0.51,1.30,0,10
430,128,176,0,0.722656,0.351597,0.305613,0.173844,0.45,1.40,0,11
431,120,176,0,0.722656,0.337356,0.300050,0.154206,0.51,1.52,0,12
432,128,176,0,0.722656,0.303259,0.269057,0.139910,0.50,1.66,0,13
433,116,176,0,0.722656,0.679766,0.588162,0.340803,0.59,1.78,0,14
434,128,176,0,0.722656,0.281709,0.250628,0.128629,0.56,1.93,0,15
435,120,176,0,0.722656,0.364794,0.335211,0.143903,0.47,1.25,0,14
436,120,176,0,0.722656,0.252729,0.221654,0.121413,0.49,1.35,0,15
437,122,176,0,0.722656,0.339586,0.300078,0.158971,0.40,0.84,0,7
438,119,176,0,0.722656,0.345897,0.300743,0.170876,0.44,0.95,0,8
439,120,176,0,0.722656,0.532372,0.470943,0.248258,0.46,1.06,0,9
440,120,176,0,0.722656,0.268329,0.244341,0.110897,0.49,1.19,0,10
441,123,176,0,0.722656,0.323544,0.296346,0.129846,0.49,1.31,0,11
442,124,176,0,0.722656,0.365812,0.330885,0.155993,0.49,1.41,0,12
443,129,176,0,0.722656,0.381892,0.340139,0.173628,0.49,1.54,0,13
444,115,176,0,0.722656,0.365959,0.330380,0.157401,0.57,1.65,0,14
445,125,176,0,0.722656,0.266856,0.239514,0.117665,0.55,1.80,0,15
446,124,176,0,0.722656,0.581802,0.504821,0.289222,0.53,1.57,0,15
447,121,176,0,0.722656,0.389000,0.350518,0.168696,0.48,1.24,0,12
448,125,176,0,0.722656,0.478118,0.436016,0.196181,0.47,1.35,0,13
449,123,176,0,0.722656,0.274880,0.248923,0.116603,0.52,1.50,0,14
450,132,176,0,0.722656,0.265135,0.242079,0.108140,0.47,1.61,0,15
451,121,176,0,0.722656,0.324984,0.291169,0.144343,0.48,1.30,0,12
452,123,176,0,0.722656,0.306558,0.272060,0.141284,0.49,1.43,0,13
453,111,176,0,0.722656,0.577112,0.512096,0.266113,0.60,1.57,0,14
454,123,176,0,0.722656,0.331434,0.295149,0.150784,0.56,1.71,0,15
455,118,176,0,0.722656,0.477370,0.420886,0.225247,0.53,1.45,0,12
456,132,176,0,0.718750,0.246383,0.222212,0.106425,0.46,1.57,0,13
457,112,176,0,0.722656,0.283174,0.253958,0.125273,0.61,1.71,0,14
458,121,176,0,0.722656,0.287361,0.262498,0.116924,0.61,1.87,0,15
459,121,176,0,0.722656,0.418601,0.375524,0.184955,0.43,1.10,0,10
460,121,176,0,0.722656,0.575110,0.515613,0.254745,0.47,1.22,0,11
461,118,176,0,0.722656,0.293425,0.266221,0.123388,0.53,1.36,0,12
462,120,176,0,0.722656,0.301950,0.273786,0.127338,0.57,1.50,0,13
463,121,176,0,0.722656,0.294862,0.259896,0.139276,0.56,1.60,0,14
464,122,176,0,0.722656,0.550808,0.491044,0.249531,0.55,1.69,0,15
465,126,176,0,0.722656,0.295974,0.263892,0.134020,0.44,1.36,0,15
466,133,176,0,0.722656,0.395632,0.354217,0.176224,0.31,0.84,0,9
467,121,176,0,0.722656,0.436058,0.380583,0.212846,0.41,0.96,0,10
468,123,176,0,0.722656,0.329102,0.297522,0.140672,0.43,1.08,0,11
469,122,176,0,0.722656,0.825460,0.765460,0.308957,0.49,1.22,0,12
470,130,176,0,0.722656,0.574598,0.493678,0.294014,0.42,1.28,0,13
471,129,176,0,0.722656,0.244206,0.215428,0.115011,0.45,1.40,0,14
472,109,176,0,0.722656,0.286846,0.260974,0.119051,0.61,1.54,0,15
473,126,176,0,0.722656,0.351763,0.295194,0.191305,0.46,1.21,0,11
474,115,176,0,0.722656,0.291969,0.258093,0.136506,0.56,1.35,0,12
475,123,176,0,0.722656,0.298897,0.271216,0.125624,0.50,1.45,0,13
476,112,176,0,0.722656,0.359209,0.330986,0.139568,0.60,1.59,0,14
477,133,176,0,0.722656,0.280732,0.246113,0.135052,0.50,1.73,0,15
478,120,176,0,0.722656,0.561241,0.494444,0.265551,0.52,1.47,0,13
479,118,176,0,0.722656,0.442247,0.389869,0.208769,0.56,1.60,0,14
480,132,176,0,0.722656,0.361848,0.317640,0.173318,0.49,1.73,0,15
481,114,176,0,0.722656,0.372215,0.340471,0.150411,0.53,1.45,0,13
482,128,176,0,0.722656,0.352286,0.323068,0.140473,0.52,1.61,0,14
483,108,176,0,0.722656,0.278325,0.250060,0.122208,0.64,1.72,0,15
484,130,176,0,0.722656,0.576329,0.501623,0.283777,0.47,1.46,0,15
485,120,176,0,0.722656,0.352553,0.308197,0.171196,0.44,1.06,0,10
486,119,176,0,0.722656,0.376815,0.335123,0.172287,0.47,1.16,0,11
487,119,176,0,0.722656,0.391212,0.354541,0.165370,0.51,1.29,0,12
488,133,176,0,0.722656,0.285793,0.256705,0.125618,0.42,1.38,0,13
489,124,176,0,0.722656,0.344657,0.308619,0.153437,0.48,1.50,0,14
490,122,176,0,0.722656,0.328496,0.290383,0.153581,0.51,1.62,0,15
491,124,176,0,0.722656,0.354379,0.317790,0.156825,0.44,1.30,0,12
492,130,176,0,0.722656,0.392353,0.348665,0.179927,0.41,1.39,0,13
493,113,176,0,0.722656,0.619508,0.552548,0.280143,0.53,1.50,0,14
494,123,176,0,0.722656,0.363826,0.313210,0.185118,0.52,1.63,0,15
495,126,176,0,0.722656,0.349731,0.315299,0.151322,0.41,1.28,0,15
496,123,176,0,0.722656,0.233508,0.205878,0.110183,0.36,0.69,0,6
497,121,176,0,0.722656,0.308987,0.277404,0.136089,0.40,0.77,0,7
498,110,176,0,0.722656,0.414292,0.375231,0.175613,0.48,0.87,0,8
499,130,176,0,0.722656,0.350019,0.317056,0.148287,0.37,0.88,0,9
